id_cliente,nome,email,telefone,data_cadastro,ativo
1,Thiago Alves,cliente001@cine2000.local,(31) 98773-5162,2001-10-21,True
2,Diego Ferreira,cliente002@cine2000.local,(31) 93392-9756,2004-12-11,True
3,Renata Mendes,cliente003@cine2000.local,(31) 94381-1214,2004-11-19,True
4,Lucas Souza,cliente004@cine2000.local,(31) 91546-4692,2003-12-04,True
5,Camila Dias,cliente005@cine2000.local,(31) 93009-5630,2003-07-02,True
6,Fernanda Ferreira,cliente006@cine2000.local,(31) 97440-8669,2004-01-27,False
7,Juliana Ribeiro,cliente007@cine2000.local,(31) 91056-2905,2000-02-04,True
8,Camila Ferreira,cliente008@cine2000.local,(31) 94217-9874,2000-01-04,True
9,André Ribeiro,cliente009@cine2000.local,(31) 94999-2446,2004-10-17,True
10,André Gomes,cliente010@cine2000.local,(31) 91105-8232,2002-01-11,True
11,Carlos Santos,cliente011@cine2000.local,(31) 97364-5683,2003-09-14,True
12,Diego Santos,cliente012@cine2000.local,(31) 94100-1623,2001-01-23,True
13,Priscila Vieira,cliente013@cine2000.local,(31) 97041-6695,2001-10-23,True
14,André Martins,cliente014@cine2000.local,(31) 93498-1325,2004-04-19,True
15,Marcelo Dias,cliente015@cine2000.local,(31) 97475-3725,2003-06-10,True
16,Fernanda Costa,cliente016@cine2000.local,(31) 94847-1796,2001-07-18,True
17,Patrícia Alves,cliente017@cine2000.local,(31) 98991-2935,2000-04-21,True
18,Diego Ribeiro,cliente018@cine2000.local,(31) 98006-7898,2000-04-05,True
19,Aline Ferreira,cliente019@cine2000.local,(31) 99441-9840,2003-04-13,True
20,Juliana Ferreira,cliente020@cine2000.local,(31) 93546-7701,2000-02-13,True
21,Felipe Mendes,cliente021@cine2000.local,(31) 92844-1988,2000-09-21,True
22,Rafael Mendes,cliente022@cine2000.local,(31) 94891-8647,2002-08-16,True
23,Camila Mendes,cliente023@cine2000.local,(31) 99933-4271,2003-07-17,True
24,Thiago Oliveira,cliente024@cine2000.local,(31) 91671-2358,2000-02-15,True
25,Renata Vieira,cliente025@cine2000.local,(31) 96320-2697,2003-09-03,True
26,Patrícia Dias,cliente026@cine2000.local,(31) 92116-8146,2002-08-16,True
27,Felipe Vieira,cliente027@cine2000.local,(31) 91475-2188,2000-06-07,True
28,Eduardo Vieira,cliente028@cine2000.local,(31) 94604-6952,2000-06-02,True
29,Felipe Santos,cliente029@cine2000.local,(31) 97060-6341,2001-06-18,True
30,Diego Santos,cliente030@cine2000.local,(31) 98008-6277,2001-12-25,True
31,Diego Vieira,cliente031@cine2000.local,(31) 96134-8460,2000-03-06,True
32,Fernanda Ribeiro,cliente032@cine2000.local,(31) 94247-1054,2000-04-13,True
33,Priscila Martins,cliente033@cine2000.local,(31) 97358-8073,2001-08-22,True
34,Fernanda Santos,cliente034@cine2000.local,(31) 93988-1362,2002-12-27,True
35,Camila Costa,cliente035@cine2000.local,(31) 95327-4872,2002-06-23,True
36,Bruno Dias,cliente036@cine2000.local,(31) 98167-1199,2004-03-05,True
37,Lucas Costa,cliente037@cine2000.local,(31) 95588-5627,2001-02-25,True
38,Bianca Rocha,cliente038@cine2000.local,(31) 97458-6321,2003-11-21,True
39,Bianca Costa,cliente039@cine2000.local,(31) 96920-6288,2001-10-12,True
40,Priscila Carvalho,cliente040@cine2000.local,(31) 91913-1045,2003-06-26,True
41,André Dias,cliente041@cine2000.local,(31) 96674-1269,2000-02-15,True
42,Fernanda Costa,cliente042@cine2000.local,(31) 99194-6126,2000-01-09,False
43,Bianca Lima,cliente043@cine2000.local,(31) 93156-7045,2004-10-04,True
44,Thiago Rocha,cliente044@cine2000.local,(31) 99731-6322,2004-05-16,False
45,Patrícia Lima,cliente045@cine2000.local,(31) 96205-6661,2004-11-01,True
46,Juliana Teixeira,cliente046@cine2000.local,(31) 96121-9553,2003-08-05,True
47,Priscila Araújo,cliente047@cine2000.local,(31) 91523-7661,2001-04-17,True
48,Camila Nunes,cliente048@cine2000.local,(31) 93652-5720,2003-01-16,True
49,Priscila Barbosa,cliente049@cine2000.local,(31) 93897-9275,2003-09-12,True
50,Lucas Ferreira,cliente050@cine2000.local,(31) 98914-4460,2003-12-06,True
51,André Ferreira,cliente051@cine2000.local,(31) 92756-8527,2004-01-25,True
52,Renata Vieira,cliente052@cine2000.local,(31) 95769-7710,2003-11-12,True
53,Lucas Dias,cliente053@cine2000.local,(31) 95675-7411,2004-07-02,True
54,Renata Costa,cliente054@cine2000.local,(31) 99285-5571,2000-06-19,True
55,Marcelo Nunes,cliente055@cine2000.local,(31) 92757-8609,2001-09-06,True
56,André Barbosa,cliente056@cine2000.local,(31) 96892-2732,2002-01-06,True
57,Vanessa Santos,cliente057@cine2000.local,(31) 97901-4532,2004-05-09,True
58,Renata Ferreira,cliente058@cine2000.local,(31) 94104-2008,2003-08-21,True
59,Patrícia Rocha,cliente059@cine2000.local,(31) 94073-1777,2003-11-20,True
60,Eduardo Mendes,cliente060@cine2000.local,(31) 91200-4404,2001-12-05,True
61,Bruno Martins,cliente061@cine2000.local,(31) 92758-4433,2002-04-03,False
62,Felipe Oliveira,cliente062@cine2000.local,(31) 92147-2379,2002-12-01,True
63,Lucas Moreira,cliente063@cine2000.local,(31) 94478-8101,2000-04-02,True
64,Rafael Santos,cliente064@cine2000.local,(31) 92772-3983,2002-08-18,True
65,Patrícia Teixeira,cliente065@cine2000.local,(31) 99741-7740,2001-08-01,True
66,Juliana Nunes,cliente066@cine2000.local,(31) 97854-5326,2003-03-18,True
67,Thiago Martins,cliente067@cine2000.local,(31) 99793-6441,2002-08-09,True
68,Fernanda Mendes,cliente068@cine2000.local,(31) 99066-3976,2003-05-28,False
69,Bianca Araújo,cliente069@cine2000.local,(31) 94028-8151,2002-01-19,True
70,Renata Souza,cliente070@cine2000.local,(31) 94113-7485,2003-06-22,True
71,Renata Rocha,cliente071@cine2000.local,(31) 94737-6077,2001-09-04,True
72,Bianca Lima,cliente072@cine2000.local,(31) 97561-9392,2003-07-03,True
73,Juliana Lima,cliente073@cine2000.local,(31) 96108-7004,2004-12-04,True
74,Bruno Oliveira,cliente074@cine2000.local,(31) 97590-7873,2002-03-28,True
75,Bruno Souza,cliente075@cine2000.local,(31) 94759-4895,2003-03-08,False
76,Vanessa Santos,cliente076@cine2000.local,(31) 93735-1524,2001-06-16,True
77,Carlos Souza,cliente077@cine2000.local,(31) 93124-7369,2001-06-03,True
78,Marina Santos,cliente078@cine2000.local,(31) 95815-3410,2002-05-03,True
79,Eduardo Araújo,cliente079@cine2000.local,(31) 95568-4346,2001-02-04,True
80,Bianca Costa,cliente080@cine2000.local,(31) 99143-4365,2001-09-14,True
