id_exemplar,id_filme,codigo_exemplar,tipo_midia,situacao
1,137,C2K-0001,DVD,DISPONIVEL
2,6,C2K-0002,VHS,DISPONIVEL
3,15,C2K-0003,DVD,DISPONIVEL
4,51,C2K-0004,VHS,DISPONIVEL
5,107,C2K-0005,DVD,DISPONIVEL
6,39,C2K-0006,VHS,ALUGADO
7,140,C2K-0007,VHS,DISPONIVEL
8,71,C2K-0008,VHS,DISPONIVEL
9,35,C2K-0009,DVD,DISPONIVEL
10,55,C2K-0010,DVD,DISPONIVEL
11,125,C2K-0011,VHS,DISPONIVEL
12,90,C2K-0012,DVD,DISPONIVEL
13,139,C2K-0013,VHS,ALUGADO
14,33,C2K-0014,VHS,ALUGADO
15,56,C2K-0015,VHS,DISPONIVEL
16,134,C2K-0016,DVD,DISPONIVEL
17,73,C2K-0017,DVD,ALUGADO
18,114,C2K-0018,DVD,DISPONIVEL
19,26,C2K-0019,DVD,DISPONIVEL
20,12,C2K-0020,DVD,DISPONIVEL
21,2,C2K-0021,DVD,ALUGADO
22,70,C2K-0022,DVD,DISPONIVEL
23,40,C2K-0023,DVD,DISPONIVEL
24,137,C2K-0024,DVD,ALUGADO
25,68,C2K-0025,VHS,DISPONIVEL
26,42,C2K-0026,VHS,MANUTENCAO
27,58,C2K-0027,DVD,DISPONIVEL
28,162,C2K-0028,VHS,DISPONIVEL
29,59,C2K-0029,DVD,DISPONIVEL
30,159,C2K-0030,VHS,DISPONIVEL
31,53,C2K-0031,VHS,ALUGADO
32,33,C2K-0032,VHS,DISPONIVEL
33,116,C2K-0033,VHS,ALUGADO
34,141,C2K-0034,DVD,DISPONIVEL
35,153,C2K-0035,VHS,ALUGADO
36,22,C2K-0036,VHS,DISPONIVEL
37,145,C2K-0037,DVD,DISPONIVEL
38,122,C2K-0038,VHS,DISPONIVEL
39,90,C2K-0039,DVD,DISPONIVEL
40,71,C2K-0040,DVD,DISPONIVEL
41,89,C2K-0041,DVD,DISPONIVEL
42,94,C2K-0042,DVD,DISPONIVEL
43,141,C2K-0043,VHS,DISPONIVEL
44,43,C2K-0044,DVD,DISPONIVEL
45,118,C2K-0045,DVD,DISPONIVEL
46,128,C2K-0046,VHS,ALUGADO
47,112,C2K-0047,VHS,ALUGADO
48,159,C2K-0048,DVD,DISPONIVEL
49,61,C2K-0049,VHS,DISPONIVEL
50,38,C2K-0050,DVD,DISPONIVEL
51,12,C2K-0051,DVD,ALUGADO
52,43,C2K-0052,DVD,DISPONIVEL
53,15,C2K-0053,VHS,DISPONIVEL
54,135,C2K-0054,VHS,DISPONIVEL
55,135,C2K-0055,VHS,DISPONIVEL
56,90,C2K-0056,DVD,DISPONIVEL
57,151,C2K-0057,VHS,ALUGADO
58,111,C2K-0058,DVD,ALUGADO
59,22,C2K-0059,DVD,ALUGADO
60,157,C2K-0060,DVD,DISPONIVEL
61,63,C2K-0061,DVD,ALUGADO
62,147,C2K-0062,DVD,DISPONIVEL
63,56,C2K-0063,VHS,DISPONIVEL
64,90,C2K-0064,DVD,ALUGADO
65,114,C2K-0065,DVD,DISPONIVEL
66,137,C2K-0066,DVD,ALUGADO
67,56,C2K-0067,DVD,ALUGADO
68,161,C2K-0068,VHS,DISPONIVEL
69,169,C2K-0069,DVD,DISPONIVEL
70,80,C2K-0070,DVD,ALUGADO
71,105,C2K-0071,VHS,ALUGADO
72,41,C2K-0072,DVD,ALUGADO
73,57,C2K-0073,DVD,DISPONIVEL
74,104,C2K-0074,VHS,DISPONIVEL
75,31,C2K-0075,DVD,ALUGADO
76,55,C2K-0076,VHS,ALUGADO
77,92,C2K-0077,VHS,ALUGADO
78,144,C2K-0078,VHS,DISPONIVEL
79,152,C2K-0079,DVD,DISPONIVEL
80,122,C2K-0080,DVD,DISPONIVEL
81,135,C2K-0081,VHS,DISPONIVEL
82,167,C2K-0082,DVD,DISPONIVEL
83,87,C2K-0083,VHS,DISPONIVEL
84,27,C2K-0084,DVD,DISPONIVEL
85,75,C2K-0085,DVD,DISPONIVEL
86,8,C2K-0086,DVD,DISPONIVEL
87,91,C2K-0087,DVD,ALUGADO
88,77,C2K-0088,VHS,MANUTENCAO
89,125,C2K-0089,DVD,DISPONIVEL
90,35,C2K-0090,DVD,DISPONIVEL
91,79,C2K-0091,VHS,DISPONIVEL
92,33,C2K-0092,DVD,DISPONIVEL
93,71,C2K-0093,VHS,DISPONIVEL
94,142,C2K-0094,DVD,ALUGADO
95,94,C2K-0095,VHS,DISPONIVEL
96,56,C2K-0096,VHS,MANUTENCAO
97,70,C2K-0097,VHS,DISPONIVEL
98,130,C2K-0098,DVD,DISPONIVEL
99,19,C2K-0099,DVD,DISPONIVEL
100,104,C2K-0100,VHS,DISPONIVEL
101,112,C2K-0101,VHS,DISPONIVEL
102,170,C2K-0102,VHS,DISPONIVEL
103,58,C2K-0103,VHS,DISPONIVEL
104,22,C2K-0104,DVD,DISPONIVEL
105,87,C2K-0105,DVD,DISPONIVEL
106,167,C2K-0106,VHS,DISPONIVEL
107,59,C2K-0107,DVD,DISPONIVEL
108,92,C2K-0108,VHS,DISPONIVEL
109,12,C2K-0109,DVD,DISPONIVEL
110,152,C2K-0110,DVD,DISPONIVEL
111,20,C2K-0111,DVD,DISPONIVEL
112,66,C2K-0112,DVD,DISPONIVEL
113,10,C2K-0113,VHS,DISPONIVEL
114,8,C2K-0114,DVD,ALUGADO
115,110,C2K-0115,DVD,DISPONIVEL
116,146,C2K-0116,DVD,ALUGADO
117,56,C2K-0117,DVD,ALUGADO
118,142,C2K-0118,VHS,DISPONIVEL
119,82,C2K-0119,DVD,DISPONIVEL
120,128,C2K-0120,VHS,DISPONIVEL
121,33,C2K-0121,DVD,ALUGADO
122,133,C2K-0122,DVD,DISPONIVEL
123,58,C2K-0123,VHS,DISPONIVEL
124,70,C2K-0124,VHS,DISPONIVEL
125,154,C2K-0125,VHS,ALUGADO
126,52,C2K-0126,DVD,ALUGADO
127,96,C2K-0127,DVD,DISPONIVEL
128,56,C2K-0128,VHS,ALUGADO
129,110,C2K-0129,DVD,MANUTENCAO
130,143,C2K-0130,VHS,DISPONIVEL
131,121,C2K-0131,DVD,DISPONIVEL
132,120,C2K-0132,VHS,ALUGADO
133,4,C2K-0133,VHS,ALUGADO
134,101,C2K-0134,VHS,ALUGADO
135,61,C2K-0135,DVD,ALUGADO
136,58,C2K-0136,VHS,DISPONIVEL
137,146,C2K-0137,VHS,ALUGADO
138,139,C2K-0138,DVD,ALUGADO
139,35,C2K-0139,VHS,DISPONIVEL
140,80,C2K-0140,DVD,ALUGADO
141,46,C2K-0141,DVD,DISPONIVEL
142,116,C2K-0142,DVD,ALUGADO
143,88,C2K-0143,VHS,ALUGADO
144,129,C2K-0144,VHS,DISPONIVEL
145,70,C2K-0145,DVD,DISPONIVEL
146,84,C2K-0146,DVD,DISPONIVEL
147,41,C2K-0147,VHS,DISPONIVEL
148,138,C2K-0148,VHS,DISPONIVEL
149,35,C2K-0149,VHS,ALUGADO
150,138,C2K-0150,VHS,ALUGADO
151,50,C2K-0151,DVD,DISPONIVEL
152,23,C2K-0152,DVD,DISPONIVEL
153,126,C2K-0153,DVD,DISPONIVEL
154,34,C2K-0154,VHS,ALUGADO
155,26,C2K-0155,VHS,DISPONIVEL
156,146,C2K-0156,DVD,ALUGADO
157,114,C2K-0157,VHS,DISPONIVEL
158,108,C2K-0158,VHS,DISPONIVEL
159,30,C2K-0159,DVD,DISPONIVEL
160,134,C2K-0160,DVD,DISPONIVEL
