id_filme,titulo,categoria,ano_lancamento,duracao,classificacao
1,Toy Story,Animação,1995,102,10 anos
2,Toy Story 2,Animação,1999,92,12 anos
3,O Rei Leão,Animação,1994,115,16 anos
4,Mulan,Animação,1998,115,10 anos
5,Tarzan,Animação,1999,117,Livre
6,Hércules,Animação,1997,95,16 anos
7,A Pequena Sereia,Animação,1989,126,Livre
8,Aladdin,Animação,1992,114,16 anos
9,Pocahontas,Animação,1995,144,10 anos
10,A Bela e a Fera,Animação,1991,89,12 anos
11,Matrix,Ficção,1999,142,14 anos
12,Star Wars: Episódio I — A Ameaça Fantasma,Ficção,1999,145,16 anos
13,O Show de Truman,Drama,1998,118,14 anos
14,Armageddon,Ação,1998,98,14 anos
15,Independence Day,Ação,1996,111,14 anos
16,Men in Black,Ficção,1997,131,Livre
17,Gladiador,Ação,2000,151,Livre
18,X-Men,Ação,2000,108,18 anos
19,Missão: Impossível 2,Ação,2000,90,18 anos
20,As Panteras,Ação,2000,104,Livre
21,O Patriota,Ação,2000,106,12 anos
22,O Tigre e o Dragão,Ação,2000,102,Livre
23,Duro de Matar,Ação,1988,122,12 anos
24,Duro de Matar 2,Ação,1990,134,16 anos
25,Velocidade Máxima,Ação,1994,133,14 anos
26,Velocidade Máxima 2,Ação,1997,110,12 anos
27,Con Air,Ação,1997,146,12 anos
28,A Rocha,Ação,1996,99,10 anos
29,Face/Off,Ação,1997,155,10 anos
30,O Fugitivo,Ação,1993,154,12 anos
31,O Exterminador do Futuro 2,Ação,1991,86,16 anos
32,Robocop,Ação,1987,94,10 anos
33,Predador,Ação,1987,106,14 anos
34,Rambo: Programado para Matar,Ação,1982,152,18 anos
35,Indiana Jones e os Caçadores da Arca Perdida,Aventura,1981,155,10 anos
36,Indiana Jones e a Última Cruzada,Aventura,1989,127,Livre
37,A Múmia,Aventura,1999,96,10 anos
38,Jurassic Park,Aventura,1993,138,14 anos
39,O Mundo Perdido: Jurassic Park,Aventura,1997,111,Livre
40,De Volta para o Futuro,Aventura,1985,143,10 anos
41,De Volta para o Futuro II,Aventura,1989,133,Livre
42,De Volta para o Futuro III,Aventura,1990,99,14 anos
43,O Máskara,Comédia,1994,89,14 anos
44,Ace Ventura: Um Detetive Diferente,Comédia,1994,137,16 anos
45,Ace Ventura 2,Comédia,1995,119,16 anos
46,Debi & Lóide,Comédia,1994,94,12 anos
47,Todo Mundo em Pânico,Comédia,2000,130,10 anos
48,Entrando Numa Fria,Comédia,2000,155,12 anos
49,O Professor Aloprado,Comédia,1996,93,14 anos
50,O Professor Aloprado 2,Comédia,2000,148,10 anos
51,American Pie: A Primeira Vez é Inesquecível,Comédia,1999,116,16 anos
52,Curtindo a Vida Adoidado,Comédia,1986,119,10 anos
53,Os Caça-Fantasmas,Comédia,1984,112,18 anos
54,Os Caça-Fantasmas 2,Comédia,1989,102,Livre
55,Um Tira da Pesada,Comédia,1984,96,16 anos
56,Um Tira da Pesada II,Comédia,1987,86,18 anos
57,Um Príncipe em Nova York,Comédia,1988,90,10 anos
58,Forrest Gump,Drama,1994,110,10 anos
59,À Espera de um Milagre,Drama,1999,113,12 anos
60,Clube da Luta,Drama,1999,124,14 anos
61,Beleza Americana,Drama,1999,148,10 anos
62,O Resgate do Soldado Ryan,Drama,1998,107,14 anos
63,A Lista de Schindler,Drama,1993,141,Livre
64,Titanic,Romance,1997,145,10 anos
65,Ghost: Do Outro Lado da Vida,Romance,1990,138,12 anos
66,Uma Linda Mulher,Romance,1990,94,18 anos
67,Sintonia de Amor,Romance,1993,94,10 anos
68,Jerry Maguire,Romance,1996,144,18 anos
69,Shakespeare Apaixonado,Romance,1998,89,12 anos
70,10 Coisas que Eu Odeio em Você,Romance,1999,100,16 anos
71,O Casamento do Meu Melhor Amigo,Romance,1997,126,Livre
72,A Bruxa de Blair,Terror,1999,94,16 anos
73,Pânico,Terror,1996,120,Livre
74,Pânico 2,Terror,1997,150,12 anos
75,Pânico 3,Terror,2000,142,10 anos
76,Eu Sei o que Vocês Fizeram no Verão Passado,Terror,1997,132,16 anos
77,Eu Ainda Sei o que Vocês Fizeram no Verão Passado,Terror,1998,117,Livre
78,A Hora do Pesadelo,Terror,1984,109,10 anos
79,O Silêncio dos Inocentes,Suspense,1991,103,16 anos
80,Seven: Os Sete Crimes Capitais,Suspense,1995,119,16 anos
81,O Colecionador de Ossos,Suspense,1999,149,12 anos
82,Memento,Suspense,2000,103,14 anos
83,Premonição,Terror,2000,148,14 anos
84,Snatch: Porcos e Diamantes,Crime,2000,121,14 anos
85,Pulp Fiction,Crime,1994,110,18 anos
86,Os Bons Companheiros,Crime,1990,88,16 anos
87,Scarface,Crime,1983,103,Livre
88,O Poderoso Chefão,Crime,1972,135,10 anos
89,O Poderoso Chefão II,Crime,1974,95,Livre
90,Heat: Cidade Contra o Crime,Crime,1995,111,Livre
91,Os Intocáveis,Crime,1987,95,16 anos
92,Los Angeles: Cidade Proibida,Crime,1997,138,16 anos
93,Cassino,Crime,1995,148,10 anos
94,O Informante,Drama,1999,154,14 anos
95,American Psycho,Suspense,2000,153,14 anos
96,Requiem para um Sonho,Drama,2000,132,10 anos
97,Quero Ser John Malkovich,Comédia,1999,109,16 anos
98,O Grande Lebowski,Comédia,1998,130,14 anos
99,Quem Vai Ficar com Mary?,Comédia,1998,136,Livre
100,"Austin Powers: 000, um Agente Nada Discreto",Comédia,1997,103,12 anos
101,Austin Powers: O Agente 'Bond' Cama,Comédia,1999,109,18 anos
102,Space Jam,Família,1996,103,14 anos
103,Jumanji,Aventura,1995,143,14 anos
104,Stargate,Ficção,1994,87,10 anos
105,O Quinto Elemento,Ficção,1997,129,16 anos
106,Gattaca,Ficção,1997,146,14 anos
107,Contato,Ficção,1997,116,16 anos
108,Alien: O Oitavo Passageiro,Ficção,1979,101,18 anos
109,Aliens: O Resgate,Ficção,1986,120,14 anos
110,Alien 3,Ficção,1992,134,Livre
111,Alien: A Ressurreição,Ficção,1997,112,16 anos
112,Soldado Universal,Ação,1992,146,Livre
113,Brinquedo Assassino,Terror,1988,88,16 anos
114,Sexta-Feira 13,Terror,1980,115,Livre
115,O Exorcista,Terror,1973,121,Livre
116,Entrevista com o Vampiro,Terror,1994,154,10 anos
117,Drácula de Bram Stoker,Terror,1992,115,10 anos
118,O Corvo,Ação,1994,108,18 anos
119,Rocky,Drama,1976,121,12 anos
120,Rocky II,Drama,1979,150,12 anos
121,Rocky III,Drama,1982,96,16 anos
122,Rocky IV,Drama,1985,150,12 anos
123,Top Gun: Ases Indomáveis,Ação,1986,91,12 anos
124,Platoon,Drama,1986,120,Livre
125,Wall Street,Drama,1987,116,14 anos
126,O Vingador do Futuro,Ficção,1990,92,Livre
127,O Último dos Moicanos,Aventura,1992,90,10 anos
128,Robin Hood: O Príncipe dos Ladrões,Aventura,1991,115,Livre
129,Braveheart,Drama,1995,151,10 anos
130,O Homem da Máscara de Ferro,Aventura,1998,151,10 anos
131,Lendas da Paixão,Drama,1994,125,16 anos
132,A Firma,Suspense,1993,137,14 anos
133,O Cliente,Suspense,1994,148,Livre
134,Tempo de Matar,Drama,1996,146,12 anos
135,A Outra Face,Ação,1997,132,Livre
136,Inimigo do Estado,Ação,1998,139,12 anos
137,O Negociador,Ação,1998,94,12 anos
138,Máquina Mortífera,Ação,1987,109,18 anos
139,Máquina Mortífera 2,Ação,1989,85,14 anos
140,Máquina Mortífera 3,Ação,1992,97,Livre
141,Máquina Mortífera 4,Ação,1998,151,16 anos
142,Bad Boys,Ação,1995,147,12 anos
143,O Especialista,Ação,1994,108,16 anos
144,Lenda Urbana,Terror,1998,142,16 anos
145,O Enigma do Horizonte,Ficção,1997,139,16 anos
146,Blade Runner,Ficção,1982,102,18 anos
147,O Exterminador do Futuro,Ficção,1984,104,16 anos
148,12 Macacos,Ficção,1995,136,Livre
149,Dark City,Ficção,1998,94,12 anos
150,Edward Mãos de Tesoura,Fantasia,1990,126,Livre
151,O Estranho Mundo de Jack,Fantasia,1993,137,Livre
152,A Lenda,Fantasia,1985,135,14 anos
153,Labirinto,Fantasia,1986,147,Livre
154,Highlander,Fantasia,1986,111,14 anos
155,A História Sem Fim,Fantasia,1984,149,14 anos
156,Hook: A Volta do Capitão Gancho,Fantasia,1991,147,Livre
157,Matilda,Família,1996,147,16 anos
158,Stuart Little,Família,1999,113,12 anos
159,"Dennis, o Pimentinha",Família,1993,135,16 anos
160,"Querida, Encolhi as Crianças",Família,1989,100,14 anos
161,Esqueceram de Mim,Família,1990,151,16 anos
162,Esqueceram de Mim 2,Família,1992,91,14 anos
163,O Pestinha,Família,1990,154,10 anos
164,O Pestinha 2,Família,1991,97,16 anos
165,Mary Poppins,Musical,1964,87,Livre
166,Grease,Musical,1978,107,10 anos
167,Dirty Dancing,Romance,1987,114,12 anos
168,Footloose,Musical,1984,99,12 anos
169,O Guarda-Costas,Romance,1992,117,18 anos
170,Enquanto Você Dormia,Romance,1995,129,18 anos
171,Cidade dos Anjos,Romance,1998,134,10 anos
172,Mensagem para Você,Romance,1998,130,Livre
173,Antes do Amanhecer,Romance,1995,126,12 anos
174,Notting Hill,Romance,1999,85,Livre
